{
  "\u0394+1_controller": {
    "error_var": 0.7312194133973344,
    "abs_error_mean": 0.5828426482160335,
    "output_std": 0.24344546659263622,
    "recovery_iter": 15.333333333333334,
    "energy_integral": 48.68059722406134,
    "stability_score": 0.11539704747424422
  },
  "Adam_optimizer": {
    "error_var": 0.5563754976583299,
    "abs_error_mean": 0.4794740493604435,
    "output_std": 0.10394551892573478,
    "recovery_iter": 22.5,
    "energy_integral": 4.809336228367434,
    "stability_score": 3.5953491896175565
  },
  "timestamp": "2025-11-01T07:36:13Z"
}