{
    "timestamp": "2025-10-22 21:24:41",
    "results": [
        {
            "device": "Intel(R) UHD Graphics 620",
            "cpu_avg": 18.53666666666667,
            "temp_avg": 56.13092820606725,
            "power_avg": 100.0,
            "duty_mean": 0.5026666666666668,
            "eff_score": 0.185,
            "samples": 120,
            "trace": {
                "cpu": [
                    17.4,
                    18.5,
                    18.0,
                    17.8,
                    17.0,
                    15.2,
                    27.0,
                    18.8,
                    13.8,
                    20.5,
                    15.3,
                    19.3,
                    19.1,
                    17.1,
                    19.6,
                    16.2,
                    15.6,
                    17.9,
                    19.9,
                    17.8,
                    16.3,
                    17.1,
                    19.1,
                    18.5,
                    18.5,
                    17.1,
                    19.2,
                    17.6,
                    14.5,
                    15.6,
                    17.3,
                    16.6,
                    17.1,
                    19.5,
                    18.4,
                    20.1,
                    28.3,
                    18.1,
                    19.8,
                    18.5,
                    18.8,
                    18.8,
                    17.1,
                    18.2,
                    17.8,
                    17.4,
                    16.9,
                    15.7,
                    18.9,
                    19.2,
                    18.1,
                    17.1,
                    18.9,
                    16.0,
                    19.2,
                    18.1,
                    18.2,
                    17.4,
                    16.7,
                    18.0,
                    14.9,
                    18.9,
                    18.2,
                    20.4,
                    18.2,
                    16.5,
                    18.4,
                    17.8,
                    16.3,
                    17.4,
                    16.7,
                    15.2,
                    18.5,
                    15.1,
                    19.4,
                    20.0,
                    17.0,
                    19.3,
                    18.0,
                    17.5,
                    17.9,
                    19.1,
                    16.5,
                    17.5,
                    18.5,
                    18.6,
                    17.6,
                    30.5,
                    50.8,
                    25.4,
                    19.6,
                    29.6,
                    17.8,
                    19.5,
                    17.0,
                    19.2,
                    18.9,
                    17.2,
                    17.4,
                    16.4,
                    17.7,
                    18.1,
                    16.3,
                    18.1,
                    17.8,
                    17.1,
                    20.2,
                    18.6,
                    16.3,
                    17.4,
                    20.8,
                    20.7,
                    18.4,
                    17.4,
                    16.4,
                    21.1,
                    17.5,
                    16.7,
                    18.0,
                    15.6
                ],
                "temp": [
                    58.67205082456466,
                    56.82213142993986,
                    53.79029152327165,
                    54.5893973212688,
                    55.899014558669705,
                    56.55416083751301,
                    58.30335497761973,
                    59.86829209778105,
                    55.3898474713075,
                    56.12650003742709,
                    58.45151369052504,
                    57.06249889221878,
                    58.21333301277947,
                    56.87559188568703,
                    50.06828324694302,
                    57.74884875731082,
                    57.31219705902249,
                    53.4528616928772,
                    56.82722901087238,
                    56.711369615452845,
                    57.48316236378292,
                    58.99096470520899,
                    57.32997648515423,
                    54.082541129324,
                    56.15852358486921,
                    55.148202778283,
                    57.77247002376509,
                    55.980079625904686,
                    57.76873216690696,
                    56.44219838467938,
                    57.73226764547101,
                    54.61391232527395,
                    52.637440626319005,
                    56.47072758560107,
                    54.630813098693935,
                    55.781055497484914,
                    59.4068374719019,
                    52.582090466169454,
                    57.146951947546334,
                    58.15267924660831,
                    55.00039739771434,
                    53.26677047615068,
                    56.29055117665677,
                    52.606990945246636,
                    55.37180394563914,
                    55.98700230038934,
                    56.26344081329535,
                    56.66773305028129,
                    55.33441222704946,
                    58.832098432266434,
                    56.301599749378205,
                    56.73070058255204,
                    55.654234905716116,
                    55.447569796914806,
                    56.82103159426519,
                    54.49356634851748,
                    56.966777364393195,
                    49.32200950443581,
                    57.69208302177601,
                    55.947597124453964,
                    53.94081363975628,
                    57.73592509101452,
                    53.72529529905081,
                    55.630683100436016,
                    55.94167448050672,
                    54.015631937261254,
                    55.00605949279306,
                    55.70920182453736,
                    56.57679916156249,
                    57.73687891582219,
                    53.537147286758234,
                    52.84683998276692,
                    53.87664754535788,
                    55.843410372815676,
                    60.629152148668894,
                    56.68890877384997,
                    55.88317129501104,
                    56.70232886481084,
                    54.01527044294383,
                    56.03369155777458,
                    57.05783854411909,
                    56.863859228351096,
                    55.83066870507235,
                    52.86053821372781,
                    56.53959651401888,
                    56.50842564391982,
                    56.595370160760964,
                    54.3360366046518,
                    54.20273146790775,
                    53.95394972926495,
                    54.91859297502538,
                    56.62707786460315,
                    55.991149577103,
                    57.8542902423312,
                    55.70502893097489,
                    56.2301314510026,
                    59.260884541176566,
                    55.118200587427395,
                    56.944880164011764,
                    55.11694566191457,
                    55.25929523523338,
                    57.01205887002495,
                    59.16342264679995,
                    59.85615545336626,
                    53.595969934250334,
                    57.06945505547615,
                    58.814255944566476,
                    55.9513419207026,
                    57.103119704563355,
                    52.98352721257166,
                    60.34346519251277,
                    56.45274356686951,
                    58.30236307361356,
