{
    "timestamp": "2025-10-21 10:59:47",
    "samples": 180,
    "cpu_avg": 3.9244444444444437,
    "mem_avg": 45.26277777777777,
    "duty_mean": 0.8315000000000001,
    "duty_trace": [
        0.7,
        0.7,
        0.7,
        0.7,
        0.7,
        0.7,
        0.73,
        0.73,
        0.73,
        0.7,
        0.7,
        0.73,
        0.76,
        0.76,
        0.73,
        0.7,
        0.7,
        0.73,
        0.76,
        0.76,
        0.76,
        0.76,
        0.79,
        0.79,
        0.79,
        0.79,
        0.79,
        0.8200000000000001,
        0.8500000000000001,
        0.8500000000000001,
        0.8500000000000001,
        0.8200000000000001,
        0.79,
        0.79,
        0.76,
        0.73,
        0.73,
        0.76,
        0.79,
        0.79,
        0.79,
        0.79,
        0.76,
        0.76,
        0.76,
        0.79,
        0.8200000000000001,
        0.79,
        0.79,
        0.79,
        0.8200000000000001,
        0.8500000000000001,
        0.8800000000000001,
        0.8800000000000001,
        0.8800000000000001,
        0.8800000000000001,
        0.8500000000000001,
        0.8500000000000001,
        0.8500000000000001,
        0.8800000000000001,
        0.9,
        0.9,
        0.9,
        0.87,
        0.87,
        0.9,
        0.87,
        0.87,
        0.84,
        0.84,
        0.84,
        0.84,
        0.84,
        0.84,
        0.84,
        0.84,
        0.87,
        0.87,
        0.84,
        0.8099999999999999,
        0.7799999999999999,
        0.8099999999999999,
        0.84,
        0.87,
        0.87,
        0.9,
        0.87,
        0.87,
        0.9,
        0.9,
        0.9,
        0.9,
        0.9,
        0.9,
        0.9,
        0.9,
        0.9,
        0.9,
        0.9,
        0.87,
        0.84,
        0.84,
        0.87,
        0.87,
        0.84,
        0.84,
        0.8099999999999999,
        0.8099999999999999,
        0.8099999999999999,
        0.84,
        0.87,
        0.87,
        0.87,
        0.84,
        0.84,
        0.84,
        0.84,
        0.84,
        0.84,
        0.8099999999999999,
        0.7799999999999999,
        0.7799999999999999,
        0.7799999999999999,
        0.8099999999999999,
        0.84,
        0.84,
        0.87,
        0.87,
        0.87,
        0.84,
        0.84,
        0.87,
        0.84,
        0.8099999999999999,
        0.7799999999999999,
        0.7499999999999999,
        0.7799999999999999,
        0.8099999999999999,
        0.84,
        0.87,
        0.87,
        0.84,
        0.84,
        0.87,
        0.9,
        0.9,
        0.9,
        0.9,
        0.87,
        0.87,
        0.87,
        0.9,
        0.9,
        0.9,
        0.9,
        0.9,
        0.9,
        0.9,
        0.9,
        0.9,
        0.9,
        0.9,
        0.9,
        0.9,
        0.9,
        0.9,
        0.9,
        0.9,
        0.9,
        0.87,
        0.87,
        0.84,
        0.8099999999999999,
        0.7799999999999999,
        0.7799999999999999,
        0.8099999999999999,
        0.8099999999999999,
        0.8099999999999999,
        0.84,
        0.87
    ],
    "cpu_trace": [
        2.7,
        4.7,
        3.8,
        6.1,
        1.2,
        3.5,
        4.2,
        5.4,
        4.7,
        3.5,
        2.7,
        3.9,
        4.3,
        7.8,
        7.0,
        3.8,
        3.1,
        5.1,
        5.1,
        3.9,
        3.1,
        3.1,
        4.2,
        3.8,
        3.1,
        3.1,
        2.0,
        2.7,
        3.5,
        3.1,
        3.9,
        4.2,
        3.8,
        5.8,
        5.1,
        3.9,
        1.9,
        3.9,
        3.9,
        3.1,
        3.6,
        7.7,
        2.3,
        3.1,
        3.9,
        3.9,
        3.5,
        3.9,
        2.7,
        2.7,
        1.2,
        3.1,
        2.0,
        2.4,
        2.4,
        4.7,
        2.3,
        2.7,
        1.9,
        1.6,
        3.5,
        3.1,
        2.7,
        1.9,
        2.0,
        5.8,
        2.0,
        3.9,
        3.8,
        3.9,
        2.7,
        5.0,
        2.8,
        4.7,
        2.4,
        3.5,
        3.1,
        26.8,
        7.8,
        3.1,
        12.4,
        1.2,
        3.5,
        6.2,
        5.8,
        3.5,
        3.9,
        5.1,
        5.0,
        3.5,
        4.7,
        2.7,
        2.7,
        5.0,
        2.7,
        1.6,
        2.4,
        5.0,
        3.9,
        3.9,
        3.9,
        3.5,
        4.9,
        5.4,
        4.2,
        5.4,
        3.5,
        5.8,
        1.6,
        3.8,
        3.2,
        4.2,
        3.4,
        4.0,
        3.5,
        3.1,
        2.7,
        4.3,
        4.7,
        4.6,
        3.1,
        4.7,
        2.8,
        3.1,
        4.3,
        2.3,
        3.5,
        3.9,
        5.7,
        1.9,
        2.7,
        14.0,
        5.1,
        5.8,
        10.2,
        5.1,
        2.7,
        2.7,
        5.7,
        4.0,
        5.0,
        3.9,
        3.1,
        2.7,
        3.5,
        2.7,
        4.2,
        6.2,
        3.1,
        3.9,
        3.1,
        3.9,
        3.9,
        2.7,
        3.1,
        4.9,
        3.1,
        3.1,
        4.3,
        3.1,
        2.0,
        3.1,
        2.7,
        3.5,
        1.2,
        1.9,
        2.3,
        3.2,
        3.1,
        2.3,
        5.8,
        4.7,
        4.6,
        3.8,
        3.5,
        3.9,
        4.7,
        0.4,
        2.0,
        2.7
    ],